PassengerId,Survived,Pclass,Sex,Age,SibSp,Parch,Fare,Embarked,GroupSize,Title,FamilySize,IsAloneFamily,IsAloneGroup
1,0,3,male,22.0,1,0,7,S,1,Mr,2,0,1
2,1,1,female,38.0,1,0,71,C,1,Mrs,2,0,1
3,1,3,female,26.0,0,0,8,S,1,Miss,1,1,1
4,1,1,female,35.0,1,0,53,S,2,Mrs,2,0,0
5,0,3,male,35.0,0,0,8,S,1,Mr,1,1,1
6,0,3,male,26.0,0,0,8,Q,1,Mr,1,1,1
7,0,1,male,54.0,0,0,52,S,1,Mr,1,1,1
8,0,3,male,2.0,3,1,21,S,4,Master,5,0,0
9,1,3,female,27.0,0,2,11,S,3,Mrs,3,0,0
10,1,2,female,14.0,1,0,30,C,2,Mrs,2,0,0
11,1,3,female,4.0,1,1,17,S,2,Miss,3,0,0
12,1,1,female,58.0,0,0,27,S,1,Miss,1,1,1
13,0,3,male,20.0,0,0,8,S,1,Mr,1,1,1
14,0,3,male,39.0,1,5,31,S,7,Mr,7,0,0
15,0,3,female,14.0,0,0,8,S,1,Miss,1,1,1
16,1,2,female,55.0,0,0,16,S,1,Mrs,1,1,1
17,0,3,male,2.0,4,1,29,Q,5,Master,6,0,0
18,1,2,male,31.0,0,0,13,S,1,Mr,1,1,1
19,0,3,female,31.0,1,0,18,S,1,Mrs,2,0,1
20,1,3,female,31.0,0,0,7,C,1,Mrs,1,1,1
21,0,2,male,35.0,0,0,26,S,2,Mr,1,1,0
22,1,2,male,34.0,0,0,13,S,1,Mr,1,1,1
23,1,3,female,15.0,0,0,8,Q,1,Miss,1,1,1
24,1,1,male,28.0,0,0,36,S,1,Mr,1,1,1
25,0,3,female,8.0,3,1,21,S,4,Miss,5,0,0
26,1,3,female,38.0,1,5,31,S,4,Mrs,7,0,0
27,0,3,male,26.0,0,0,7,C,1,Mr,1,1,1
28,0,1,male,19.0,3,2,263,S,4,Mr,6,0,0
29,1,3,female,18.0,0,0,8,Q,1,Miss,1,1,1
30,0,3,male,26.0,0,0,8,S,1,Mr,1,1,1
31,0,1,male,40.0,0,0,28,C,1,Rare,1,1,1
32,1,1,female,39.5,1,0,147,C,2,Mrs,2,0,0
33,1,3,female,18.0,0,0,8,Q,1,Miss,1,1,1
34,0,2,male,66.0,0,0,10,S,1,Mr,1,1,1
35,0,1,male,28.0,1,0,82,C,2,Mr,2,0,0
36,0,1,male,42.0,1,0,52,S,2,Mr,2,0,0
37,1,3,male,26.0,0,0,7,C,1,Mr,1,1,1
38,0,3,male,21.0,0,0,8,S,1,Mr,1,1,1
39,0,3,female,18.0,2,0,18,S,2,Miss,3,0,0
40,1,3,female,14.0,1,0,11,C,2,Miss,2,0,0
41,0,3,female,40.0,1,0,9,S,1,Mrs,2,0,1
42,0,2,female,27.0,1,0,21,S,2,Mrs,2,0,0
43,0,3,male,26.0,0,0,8,C,1,Mr,1,1,1
44,1,2,female,3.0,1,2,42,C,3,Miss,4,0,0
45,1,3,female,19.0,0,0,8,Q,1,Miss,1,1,1
46,0,3,male,26.0,0,0,8,S,1,Mr,1,1,1
47,0,3,male,26.0,1,0,16,Q,1,Mr,2,0,1
48,1,3,female,18.0,0,0,8,Q,1,Miss,1,1,1
49,0,3,male,26.0,2,0,22,C,1,Mr,3,0,1
50,0,3,female,18.0,1,0,18,S,2,Mrs,2,0,0
51,0,3,male,7.0,4,1,40,S,6,Master,6,0,0
52,0,3,male,21.0,0,0,8,S,1,Mr,1,1,1
53,1,1,female,49.0,1,0,77,C,3,Mrs,2,0,0
54,1,2,female,29.0,1,0,26,S,1,Mrs,2,0,1
55,0,1,male,65.0,0,1,62,C,1,Mr,2,0,1
56,1,1,male,40.0,0,0,36,S,1,Mr,1,1,1
57,1,2,female,21.0,0,0,10,S,1,Miss,1,1,1
58,0,3,male,28.5,0,0,7,C,1,Mr,1,1,1
59,1,2,female,5.0,1,2,28,S,3,Miss,4,0,0
60,0,3,male,11.0,5,2,47,S,6,Master,8,0,0
61,0,3,male,22.0,0,0,7,C,1,Mr,1,1,1
63,0,1,male,45.0,1,0,83,S,2,Mr,2,0,0
64,0,3,male,4.0,3,2,28,S,6,Master,6,0,0
65,0,1,male,40.0,0,0,28,C,1,Mr,1,1,1
66,1,3,male,4.0,1,1,15,C,2,Master,3,0,0
67,1,2,female,29.0,0,0,10,S,1,Mrs,1,1,1
68,0,3,male,19.0,0,0,8,S,1,Mr,1,1,1
69,1,3,female,17.0,4,2,8,S,1,Miss,7,0,1
70,0,3,male,26.0,2,0,9,S,1,Mr,3,0,1
71,0,2,male,32.0,0,0,10,S,1,Mr,1,1,1
72,0,3,female,16.0,5,2,47,S,6,Miss,8,0,0
73,0,2,male,21.0,0,0,74,S,5,Mr,1,1,0
74,0,3,male,26.0,1,0,14,C,1,Mr,2,0,1
75,1,3,male,32.0,0,0,56,S,7,Mr,1,1,0
76,0,3,male,25.0,0,0,8,S,1,Mr,1,1,1
77,0,3,male,26.0,0,0,8,S,1,Mr,1,1,1
78,0,3,male,26.0,0,0,8,S,1,Mr,1,1,1
79,1,2,male,0.83,0,2,29,S,2,Master,3,0,0
80,1,3,female,30.0,0,0,12,S,2,Miss,1,1,0
81,0,3,male,22.0,0,0,9,S,1,Mr,1,1,1
82,1,3,male,29.0,0,0,10,S,1,Mr,1,1,1
83,1,3,female,18.0,0,0,8,Q,1,Miss,1,1,1
84,0,1,male,28.0,0,0,47,S,1,Mr,1,1,1
85,1,2,female,17.0,0,0,10,S,1,Miss,1,1,1
86,1,3,female,33.0,3,0,16,S,2,Mrs,4,0,0
87,0,3,male,16.0,1,3,34,S,4,Mr,5,0,0
88,0,3,male,26.0,0,0,8,S,1,Mr,1,1,1
89,1,1,female,23.0,3,2,263,S,4,Miss,6,0,0
90,0,3,male,24.0,0,0,8,S,1,Mr,1,1,1
91,0,3,male,29.0,0,0,8,S,1,Mr,1,1,1
92,0,3,male,20.0,0,0,8,S,1,Mr,1,1,1
93,0,1,male,46.0,1,0,61,S,1,Mr,2,0,1
94,0,3,male,26.0,1,2,21,S,2,Mr,4,0,0
95,0,3,male,59.0,0,0,7,S,1,Mr,1,1,1
96,0,3,male,26.0,0,0,8,S,1,Mr,1,1,1
97,0,1,male,71.0,0,0,35,C,1,Mr,1,1,1
98,1,1,male,23.0,0,1,63,C,1,Mr,2,0,1
99,1,2,female,34.0,0,1,23,S,2,Mrs,2,0,0
100,0,2,male,34.0,1,0,26,S,2,Mr,2,0,0
101,0,3,female,28.0,0,0,8,S,1,Miss,1,1,1
102,0,3,male,26.0,0,0,8,S,1,Mr,1,1,1
103,0,1,male,21.0,0,1,77,S,2,Mr,2,0,0
104,0,3,male,33.0,0,0,9,S,1,Mr,1,1,1
105,0,3,male,37.0,2,0,8,S,1,Mr,3,0,1
106,0,3,male,28.0,0,0,8,S,1,Mr,1,1,1
107,1,3,female,21.0,0,0,8,S,1,Miss,1,1,1
108,1,3,male,26.0,0,0,8,S,1,Mr,1,1,1
109,0,3,male,38.0,0,0,8,S,1,Mr,1,1,1
110,1,3,female,18.0,1,0,24,Q,3,Miss,2,0,0
111,0,1,male,47.0,0,0,52,S,2,Mr,1,1,0
112,0,3,female,14.5,1,0,14,C,2,Miss,2,0,0
113,0,3,male,22.0,0,0,8,S,1,Mr,1,1,1
114,0,3,female,20.0,1,0,10,S,1,Miss,2,0,1
115,0,3,female,17.0,0,0,14,C,2,Miss,1,1,0
116,0,3,male,21.0,0,0,8,S,1,Mr,1,1,1
117,0,3,male,70.5,0,0,8,Q,1,Mr,1,1,1
118,0,2,male,29.0,1,0,21,S,2,Mr,2,0,0
119,0,1,male,24.0,0,1,248,C,2,Mr,2,0,0
120,0,3,female,2.0,4,2,31,S,7,Miss,7,0,0
121,0,2,male,21.0,2,0,74,S,5,Mr,3,0,0
122,0,3,male,26.0,0,0,8,S,1,Mr,1,1,1
123,0,2,male,32.5,1,0,30,C,2,Mr,2,0,0
124,1,2,female,32.5,0,0,13,S,1,Miss,1,1,1
125,0,1,male,54.0,0,1,77,S,2,Mr,2,0,0
126,1,3,male,12.0,1,0,11,C,2,Master,2,0,0
127,0,3,male,26.0,0,0,8,Q,1,Mr,1,1,1
128,1,3,male,24.0,0,0,7,S,1,Mr,1,1,1
129,1,3,female,18.0,1,1,22,C,2,Miss,3,0,0
130,0,3,male,45.0,0,0,7,S,1,Mr,1,1,1
131,0,3,male,33.0,0,0,8,C,1,Mr,1,1,1
132,0,3,male,20.0,0,0,7,S,1,Mr,1,1,1
133,0,3,female,47.0,1,0,14,S,1,Mrs,2,0,1
134,1,2,female,29.0,1,0,26,S,1,Mrs,2,0,1
135,0,2,male,25.0,0,0,13,S,1,Mr,1,1,1
136,0,2,male,23.0,0,0,15,C,1,Mr,1,1,1
137,1,1,female,19.0,0,2,26,S,1,Miss,3,0,1
138,0,1,male,37.0,1,0,53,S,2,Mr,2,0,0
139,0,3,male,16.0,0,0,9,S,2,Mr,1,1,0
140,0,1,male,24.0,0,0,79,C,2,Mr,1,1,0
141,0,3,female,31.0,0,2,15,C,2,Mrs,3,0,0
142,1,3,female,22.0,0,0,8,S,1,Miss,1,1,1
143,1,3,female,24.0,1,0,16,S,2,Mrs,2,0,0
144,0,3,male,19.0,0,0,7,Q,1,Mr,1,1,1
145,0,2,male,18.0,0,0,12,S,1,Mr,1,1,1
146,0,2,male,19.0,1,1,37,S,2,Mr,3,0,0
147,1,3,male,27.0,0,0,8,S,1,Mr,1,1,1
148,0,3,female,9.0,2,2,34,S,4,Miss,5,0,0
149,0,2,male,36.5,0,2,26,S,3,Mr,3,0,0
150,0,2,male,42.0,0,0,13,S,1,Rare,1,1,1
151,0,2,male,51.0,0,0,13,S,1,Rare,1,1,1
152,1,1,female,22.0,1,0,67,S,2,Mrs,2,0,0
153,0,3,male,55.5,0,0,8,S,1,Mr,1,1,1
154,0,3,male,40.5,0,2,14,S,1,Mr,3,0,1
155,0,3,male,26.0,0,0,7,S,1,Mr,1,1,1
156,0,1,male,51.0,0,1,61,C,1,Mr,2,0,1
157,1,3,female,16.0,0,0,8,Q,1,Miss,1,1,1
158,0,3,male,30.0,0,0,8,S,1,Mr,1,1,1
159,0,3,male,26.0,0,0,9,S,1,Mr,1,1,1
160,0,3,male,4.0,8,2,70,S,7,Master,11,0,0
161,0,3,male,44.0,0,1,16,S,1,Mr,2,0,1
162,1,2,female,40.0,0,0,16,S,1,Mrs,1,1,1
163,0,3,male,26.0,0,0,8,S,1,Mr,1,1,1
164,0,3,male,17.0,0,0,9,S,1,Mr,1,1,1
165,0,3,male,1.0,4,1,40,S,6,Master,6,0,0
166,1,3,male,9.0,0,2,21,S,3,Master,3,0,0
167,1,1,female,39.5,0,1,55,S,2,Mrs,2,0,0
168,0,3,female,45.0,1,4,28,S,6,Mrs,6,0,0
169,0,1,male,40.0,0,0,26,S,1,Mr,1,1,1
170,0,3,male,28.0,0,0,56,S,7,Mr,1,1,0
171,0,1,male,61.0,0,0,34,S,1,Mr,1,1,1
172,0,3,male,4.0,4,1,29,Q,5,Master,6,0,0
173,1,3,female,1.0,1,1,11,S,3,Miss,3,0,0
174,0,3,male,21.0,0,0,8,S,1,Mr,1,1,1
175,0,1,male,56.0,0,0,31,C,1,Mr,1,1,1
176,0,3,male,18.0,1,1,8,S,1,Mr,3,0,1
177,0,3,male,4.0,3,1,25,S,4,Master,5,0,0
178,0,1,female,50.0,0,0,29,C,1,Miss,1,1,1
179,0,2,male,30.0,0,0,13,S,1,Mr,1,1,1
180,0,3,male,36.0,0,0,0,S,4,Mr,1,1,0
181,0,3,female,18.0,8,2,70,S,7,Miss,11,0,0
182,0,2,male,31.0,0,0,15,C,1,Mr,1,1,1
183,0,3,male,9.0,4,2,31,S,4,Master,7,0,0
184,1,2,male,1.0,2,1,39,S,2,Master,4,0,0
185,1,3,female,4.0,0,2,22,S,1,Miss,3,0,1
186,0,1,male,40.0,0,0,50,S,1,Mr,1,1,1
187,1,3,female,31.0,1,0,16,Q,2,Mrs,2,0,0
188,1,1,male,45.0,0,0,27,S,1,Mr,1,1,1
189,0,3,male,40.0,1,1,16,Q,2,Mr,3,0,0
190,0,3,male,36.0,0,0,8,S,1,Mr,1,1,1
191,1,2,female,32.0,0,0,13,S,1,Mrs,1,1,1
192,0,2,male,19.0,0,0,13,S,1,Mr,1,1,1
193,1,3,female,19.0,1,0,8,S,1,Miss,2,0,1
194,1,2,male,3.0,1,1,26,S,3,Master,3,0,0
195,1,1,female,44.0,0,0,28,C,1,Mrs,1,1,1
196,1,1,female,58.0,0,0,147,C,2,Miss,1,1,0
197,0,3,male,26.0,0,0,8,Q,1,Mr,1,1,1
198,0,3,male,42.0,0,1,8,S,1,Mr,2,0,1
199,1,3,female,18.0,0,0,8,Q,1,Miss,1,1,1
200,0,2,female,24.0,0,0,13,S,1,Miss,1,1,1
201,0,3,male,28.0,0,0,10,S,1,Mr,1,1,1
202,0,3,male,26.0,8,2,70,S,7,Mr,11,0,0
203,0,3,male,34.0,0,0,6,S,1,Mr,1,1,1
204,0,3,male,45.5,0,0,7,C,1,Mr,1,1,1
205,1,3,male,18.0,0,0,8,S,1,Mr,1,1,1
206,0,3,female,2.0,0,1,10,S,2,Miss,2,0,0
207,0,3,male,32.0,1,0,16,S,2,Mr,2,0,0
208,1,3,male,26.0,0,0,19,C,2,Mr,1,1,0
209,1,3,female,16.0,0,0,8,Q,1,Miss,1,1,1
210,1,1,male,40.0,0,0,31,C,1,Mr,1,1,1
211,0,3,male,24.0,0,0,7,S,1,Mr,1,1,1
212,1,2,female,35.0,0,0,21,S,1,Miss,1,1,1
213,0,3,male,22.0,0,0,7,S,1,Mr,1,1,1
214,0,2,male,30.0,0,0,13,S,1,Mr,1,1,1
215,0,3,male,26.0,1,0,8,Q,1,Mr,2,0,1
216,1,1,female,31.0,1,0,113,C,3,Miss,2,0,0
217,1,3,female,27.0,0,0,8,S,1,Miss,1,1,1
218,0,2,male,42.0,1,0,27,S,2,Mr,2,0,0
219,1,1,female,32.0,0,0,76,C,1,Miss,1,1,1
220,0,2,male,30.0,0,0,10,S,1,Mr,1,1,1
221,1,3,male,16.0,0,0,8,S,1,Mr,1,1,1
222,0,2,male,27.0,0,0,13,S,1,Mr,1,1,1
223,0,3,male,51.0,0,0,8,S,1,Mr,1,1,1
224,0,3,male,26.0,0,0,8,S,1,Mr,1,1,1
225,1,1,male,38.0,1,0,90,S,2,Mr,2,0,0
226,0,3,male,22.0,0,0,9,S,1,Mr,1,1,1
227,1,2,male,19.0,0,0,10,S,1,Mr,1,1,1
228,0,3,male,20.5,0,0,7,S,1,Mr,1,1,1
229,0,2,male,18.0,0,0,13,S,1,Mr,1,1,1
230,0,3,female,18.0,3,1,25,S,4,Miss,5,0,0
231,1,1,female,35.0,1,0,83,S,2,Mrs,2,0,0
232,0,3,male,29.0,0,0,8,S,1,Mr,1,1,1
233,0,2,male,59.0,0,0,14,S,1,Mr,1,1,1
234,1,3,female,5.0,4,2,31,S,4,Miss,7,0,0
235,0,2,male,24.0,0,0,10,S,1,Mr,1,1,1
236,0,3,female,18.0,0,0,8,S,1,Miss,1,1,1
237,0,2,male,44.0,1,0,26,S,1,Mr,2,0,1
238,1,2,female,8.0,0,2,26,S,3,Miss,3,0,0
239,0,2,male,19.0,0,0,10,S,1,Mr,1,1,1
240,0,2,male,33.0,0,0,12,S,1,Mr,1,1,1
241,0,3,female,18.0,1,0,14,C,2,Miss,2,0,0
242,1,3,female,18.0,1,0,16,Q,2,Miss,2,0,0
243,0,2,male,29.0,0,0,10,S,1,Mr,1,1,1
244,0,3,male,22.0,0,0,7,S,1,Mr,1,1,1
245,0,3,male,30.0,0,0,7,C,1,Mr,1,1,1
246,0,1,male,44.0,2,0,90,Q,2,Rare,3,0,0
247,0,3,female,25.0,0,0,8,S,1,Miss,1,1,1
248,1,2,female,24.0,0,2,14,S,2,Mrs,3,0,0
249,1,1,male,37.0,1,1,53,S,2,Mr,3,0,0
250,0,2,male,54.0,1,0,26,S,2,Rare,2,0,0
251,0,3,male,26.0,0,0,7,S,1,Mr,1,1,1
252,0,3,female,29.0,1,1,10,S,2,Mrs,3,0,0
253,0,1,male,62.0,0,0,27,S,1,Mr,1,1,1
254,0,3,male,30.0,1,0,16,S,2,Mr,2,0,0
255,0,3,female,41.0,0,2,20,S,2,Mrs,3,0,0
256,1,3,female,29.0,0,2,15,C,1,Mrs,3,0,1
257,1,1,female,39.5,0,0,79,C,1,Mrs,1,1,1
258,1,1,female,30.0,0,0,86,S,3,Miss,1,1,0
259,1,1,female,35.0,0,0,512,C,3,Miss,1,1,0
260,1,2,female,50.0,0,1,26,S,2,Mrs,2,0,0
261,0,3,male,26.0,0,0,8,Q,1,Mr,1,1,1
262,1,3,male,3.0,4,2,31,S,4,Master,7,0,0
263,0,1,male,52.0,1,1,80,S,3,Mr,3,0,0
264,0,1,male,40.0,0,0,0,S,1,Mr,1,1,1
265,0,3,female,18.0,0,0,8,Q,1,Miss,1,1,1
266,0,2,male,36.0,0,0,10,S,1,Mr,1,1,1
267,0,3,male,16.0,4,1,40,S,6,Mr,6,0,0
268,1,3,male,25.0,1,0,8,S,1,Mr,2,0,1
269,1,1,female,58.0,0,1,153,S,3,Mrs,2,0,0
270,1,1,female,35.0,0,0,136,S,3,Miss,1,1,0
271,0,1,male,40.0,0,0,31,S,2,Mr,1,1,0
272,1,3,male,25.0,0,0,0,S,4,Mr,1,1,0
273,1,2,female,41.0,0,1,20,S,2,Mrs,2,0,0
274,0,1,male,37.0,0,1,30,C,1,Mr,2,0,1
275,1,3,female,18.0,0,0,8,Q,1,Miss,1,1,1
276,1,1,female,63.0,1,0,78,S,3,Miss,2,0,0
277,0,3,female,45.0,0,0,8,S,1,Miss,1,1,1
278,0,2,male,31.0,0,0,0,S,3,Mr,1,1,0
279,0,3,male,7.0,4,1,29,Q,5,Master,6,0,0
280,1,3,female,35.0,1,1,20,S,2,Mrs,3,0,0
281,0,3,male,65.0,0,0,8,Q,1,Mr,1,1,1
282,0,3,male,28.0,0,0,8,S,1,Mr,1,1,1
283,0,3,male,16.0,0,0,10,S,1,Mr,1,1,1
284,1,3,male,19.0,0,0,8,S,1,Mr,1,1,1
285,0,1,male,40.0,0,0,26,S,1,Mr,1,1,1
286,0,3,male,33.0,0,0,9,C,1,Mr,1,1,1
287,1,3,male,30.0,0,0,10,S,1,Mr,1,1,1
288,0,3,male,22.0,0,0,8,S,1,Mr,1,1,1
289,1,2,male,42.0,0,0,13,S,1,Mr,1,1,1
290,1,3,female,22.0,0,0,8,Q,1,Miss,1,1,1
291,1,1,female,26.0,0,0,79,S,2,Miss,1,1,0
292,1,1,female,19.0,1,0,91,C,2,Mrs,2,0,0
293,0,2,male,36.0,0,0,13,C,1,Mr,1,1,1
294,0,3,female,24.0,0,0,9,S,1,Miss,1,1,1
295,0,3,male,24.0,0,0,8,S,1,Mr,1,1,1
296,0,1,male,40.0,0,0,28,C,1,Mr,1,1,1
297,0,3,male,23.5,0,0,7,C,1,Mr,1,1,1
298,0,1,female,2.0,1,2,152,S,4,Miss,4,0,0
299,1,1,male,40.0,0,0,30,S,1,Mr,1,1,1
300,1,1,female,50.0,0,1,248,C,2,Mrs,2,0,0
301,1,3,female,18.0,0,0,8,Q,1,Miss,1,1,1
302,1,3,male,26.0,2,0,23,Q,2,Mr,3,0,0
303,0,3,male,19.0,0,0,0,S,4,Mr,1,1,0
304,1,2,female,24.0,0,0,12,Q,1,Miss,1,1,1
305,0,3,male,26.0,0,0,8,S,1,Mr,1,1,1
306,1,1,male,0.92,1,2,152,S,4,Master,4,0,0
307,1,1,female,29.5,0,0,111,C,4,Miss,1,1,0
308,1,1,female,17.0,1,0,109,C,2,Mrs,2,0,0
309,0,2,male,30.0,1,0,24,C,2,Mr,2,0,0
310,1,1,female,30.0,0,0,57,C,2,Miss,1,1,0
311,1,1,female,24.0,0,0,83,C,2,Miss,1,1,0
312,1,1,female,18.0,2,2,262,C,2,Miss,5,0,0
313,0,2,female,26.0,1,1,26,S,1,Mrs,3,0,1
314,0,3,male,28.0,0,0,8,S,1,Mr,1,1,1
315,0,2,male,43.0,1,1,26,S,3,Mr,3,0,0
316,1,3,female,26.0,0,0,8,S,1,Miss,1,1,1
317,1,2,female,24.0,1,0,26,S,2,Mrs,2,0,0
318,0,2,male,54.0,0,0,14,S,1,Rare,1,1,1
319,1,1,female,31.0,0,2,165,S,2,Miss,3,0,0
320,1,1,female,40.0,1,1,134,C,2,Mrs,3,0,0
321,0,3,male,22.0,0,0,7,S,1,Mr,1,1,1
322,0,3,male,27.0,0,0,8,S,1,Mr,1,1,1
323,1,2,female,30.0,0,0,12,Q,1,Miss,1,1,1
324,1,2,female,22.0,1,1,29,S,2,Mrs,3,0,0
325,0,3,male,26.0,8,2,70,S,7,Mr,11,0,0
326,1,1,female,36.0,0,0,136,C,3,Miss,1,1,0
327,0,3,male,61.0,0,0,6,S,1,Mr,1,1,1
328,1,2,female,36.0,0,0,13,S,1,Mrs,1,1,1
329,1,3,female,31.0,1,1,21,S,3,Mrs,3,0,0
330,1,1,female,16.0,0,1,58,C,2,Miss,2,0,0
331,1,3,female,18.0,2,0,23,Q,2,Miss,3,0,0
332,0,1,male,45.5,0,0,28,S,1,Mr,1,1,1
333,0,1,male,38.0,0,1,153,S,3,Mr,2,0,0
334,0,3,male,16.0,2,0,18,S,2,Mr,3,0,0
335,1,1,female,39.5,1,0,134,S,2,Mrs,2,0,0
336,0,3,male,26.0,0,0,8,S,1,Mr,1,1,1
337,0,1,male,29.0,1,0,67,S,2,Mr,2,0,0
338,1,1,female,41.0,0,0,134,C,2,Miss,1,1,0
339,1,3,male,45.0,0,0,8,S,1,Mr,1,1,1
340,0,1,male,45.0,0,0,36,S,1,Mr,1,1,1
341,1,2,male,2.0,1,1,26,S,3,Master,3,0,0
342,1,1,female,24.0,3,2,263,S,4,Miss,6,0,0
343,0,2,male,28.0,0,0,13,S,1,Mr,1,1,1
344,0,2,male,25.0,0,0,13,S,1,Mr,1,1,1
345,0,2,male,36.0,0,0,13,S,1,Mr,1,1,1
346,1,2,female,24.0,0,0,13,S,1,Miss,1,1,1
347,1,2,female,40.0,0,0,13,S,1,Miss,1,1,1
348,1,3,female,31.0,1,0,16,S,1,Mrs,2,0,1
349,1,3,male,3.0,1,1,16,S,2,Master,3,0,0
350,0,3,male,42.0,0,0,9,S,1,Mr,1,1,1
351,0,3,male,23.0,0,0,9,S,1,Mr,1,1,1
352,0,1,male,40.0,0,0,35,S,1,Mr,1,1,1
353,0,3,male,15.0,1,1,7,C,1,Mr,3,0,1
354,0,3,male,25.0,1,0,18,S,2,Mr,2,0,0
355,0,3,male,26.0,0,0,7,C,1,Mr,1,1,1
356,0,3,male,28.0,0,0,10,S,1,Mr,1,1,1
357,1,1,female,22.0,0,1,55,S,2,Miss,2,0,0
358,0,2,female,38.0,0,0,13,S,1,Miss,1,1,1
359,1,3,female,18.0,0,0,8,Q,1,Miss,1,1,1
360,1,3,female,18.0,0,0,8,Q,1,Miss,1,1,1
361,0,3,male,40.0,1,4,28,S,6,Mr,6,0,0
362,0,2,male,29.0,1,0,28,C,1,Mr,2,0,1
363,0,3,female,45.0,0,1,14,C,2,Mrs,2,0,0
364,0,3,male,35.0,0,0,7,S,1,Mr,1,1,1
365,0,3,male,26.0,1,0,16,Q,2,Mr,2,0,0
366,0,3,male,30.0,0,0,7,S,1,Mr,1,1,1
367,1,1,female,60.0,1,0,75,C,1,Mrs,2,0,1
368,1,3,female,31.0,0,0,7,C,1,Mrs,1,1,1
369,1,3,female,18.0,0,0,8,Q,1,Miss,1,1,1
370,1,1,female,24.0,0,0,69,C,2,Mrs,1,1,0
371,1,1,male,25.0,1,0,55,C,1,Mr,2,0,1
372,0,3,male,18.0,1,0,6,S,1,Mr,2,0,1
373,0,3,male,19.0,0,0,8,S,1,Mr,1,1,1
374,0,1,male,22.0,0,0,136,C,3,Mr,1,1,0
375,0,3,female,3.0,3,1,21,S,4,Miss,5,0,0
376,1,1,female,39.5,1,0,82,C,2,Mrs,2,0,0
377,1,3,female,22.0,0,0,7,S,1,Miss,1,1,1
378,0,1,male,27.0,0,2,212,C,1,Mr,3,0,1
379,0,3,male,20.0,0,0,4,C,1,Mr,1,1,1
380,0,3,male,19.0,0,0,8,S,1,Mr,1,1,1
381,1,1,female,42.0,0,0,228,C,4,Miss,1,1,0
382,1,3,female,1.0,0,2,16,C,2,Miss,3,0,0
383,0,3,male,32.0,0,0,8,S,1,Mr,1,1,1
384,1,1,female,35.0,1,0,52,S,2,Mrs,2,0,0
385,0,3,male,26.0,0,0,8,S,1,Mr,1,1,1
386,0,2,male,18.0,0,0,74,S,5,Mr,1,1,0
387,0,3,male,1.0,5,2,47,S,6,Master,8,0,0
388,1,2,female,36.0,0,0,13,S,1,Miss,1,1,1
389,0,3,male,26.0,0,0,8,Q,1,Mr,1,1,1
390,1,2,female,17.0,0,0,12,C,1,Miss,1,1,1
391,1,1,male,36.0,1,2,120,S,4,Mr,4,0,0
392,1,3,male,21.0,0,0,8,S,1,Mr,1,1,1
393,0,3,male,28.0,2,0,8,S,1,Mr,3,0,1
394,1,1,female,23.0,1,0,113,C,3,Miss,2,0,0
395,1,3,female,24.0,0,2,17,S,2,Mrs,3,0,0
396,0,3,male,22.0,0,0,8,S,1,Mr,1,1,1
397,0,3,female,31.0,0,0,8,S,1,Miss,1,1,1
398,0,2,male,46.0,0,0,26,S,2,Mr,1,1,0
399,0,2,male,23.0,0,0,10,S,1,Rare,1,1,1
400,1,2,female,28.0,0,0,13,S,1,Mrs,1,1,1
401,1,3,male,39.0,0,0,8,S,1,Mr,1,1,1
402,0,3,male,26.0,0,0,8,S,1,Mr,1,1,1
403,0,3,female,21.0,1,0,10,S,1,Miss,2,0,1
404,0,3,male,28.0,1,0,16,S,2,Mr,2,0,0
405,0,3,female,20.0,0,0,9,S,1,Miss,1,1,1
406,0,2,male,34.0,1,0,21,S,1,Mr,2,0,1
407,0,3,male,51.0,0,0,8,S,1,Mr,1,1,1
408,1,2,male,3.0,1,1,19,S,3,Master,3,0,0
409,0,3,male,21.0,0,0,8,S,1,Mr,1,1,1
410,0,3,female,18.0,3,1,25,S,4,Miss,5,0,0
411,0,3,male,26.0,0,0,8,S,1,Mr,1,1,1
412,0,3,male,26.0,0,0,7,Q,1,Mr,1,1,1
413,1,1,female,33.0,1,0,90,Q,2,Miss,2,0,0
414,0,2,male,31.0,0,0,0,S,3,Mr,1,1,0
415,1,3,male,44.0,0,0,8,S,1,Mr,1,1,1
416,0,3,female,31.0,0,0,8,S,1,Mrs,1,1,1
417,1,2,female,34.0,1,1,32,S,1,Mrs,3,0,1
418,1,2,female,18.0,0,2,13,S,1,Miss,3,0,1
419,0,2,male,30.0,0,0,13,S,1,Mr,1,1,1
420,0,3,female,10.0,0,2,24,S,3,Miss,3,0,0
421,0,3,male,26.0,0,0,8,C,1,Mr,1,1,1
422,0,3,male,21.0,0,0,8,Q,1,Mr,1,1,1
423,0,3,male,29.0,0,0,8,S,1,Mr,1,1,1
424,0,3,female,28.0,1,1,14,S,2,Mrs,3,0,0
425,0,3,male,18.0,1,1,20,S,2,Mr,3,0,0
426,0,3,male,26.0,0,0,7,S,1,Mr,1,1,1
427,1,2,female,28.0,1,0,26,S,1,Mrs,2,0,1
428,1,2,female,19.0,0,0,26,S,2,Miss,1,1,0
429,0,3,male,26.0,0,0,8,Q,1,Mr,1,1,1
430,1,3,male,32.0,0,0,8,S,1,Mr,1,1,1
431,1,1,male,28.0,0,0,27,S,1,Mr,1,1,1
432,1,3,female,31.0,1,0,16,S,2,Mrs,2,0,0
433,1,2,female,42.0,1,0,26,S,1,Mrs,2,0,1
434,0,3,male,17.0,0,0,7,S,1,Mr,1,1,1
435,0,1,male,50.0,1,0,56,S,2,Mr,2,0,0
436,1,1,female,14.0,1,2,120,S,4,Miss,4,0,0
437,0,3,female,21.0,2,2,34,S,4,Miss,5,0,0
438,1,2,female,24.0,2,3,19,S,3,Mrs,6,0,0
439,0,1,male,64.0,1,4,263,S,4,Mr,6,0,0
440,0,2,male,31.0,0,0,10,S,1,Mr,1,1,1
441,1,2,female,45.0,1,1,26,S,3,Mrs,3,0,0
442,0,3,male,20.0,0,0,10,S,1,Mr,1,1,1
443,0,3,male,25.0,1,0,8,S,1,Mr,2,0,1
444,1,2,female,28.0,0,0,13,S,1,Miss,1,1,1
445,1,3,male,26.0,0,0,8,S,1,Mr,1,1,1
446,1,1,male,4.0,0,2,82,S,1,Master,3,0,1
447,1,2,female,13.0,0,1,20,S,2,Miss,2,0,0
448,1,1,male,34.0,0,0,27,S,1,Mr,1,1,1
449,1,3,female,5.0,2,1,19,C,4,Miss,4,0,0
450,1,1,male,52.0,0,0,30,S,1,Rare,1,1,1
451,0,2,male,36.0,1,2,28,S,3,Mr,4,0,0
452,0,3,male,26.0,1,0,20,S,1,Mr,2,0,1
453,0,1,male,30.0,0,0,28,C,1,Mr,1,1,1
454,1,1,male,49.0,1,0,89,C,2,Mr,2,0,0
455,0,3,male,26.0,0,0,8,S,1,Mr,1,1,1
456,1,3,male,29.0,0,0,8,C,1,Mr,1,1,1
457,0,1,male,65.0,0,0,27,S,1,Mr,1,1,1
458,1,1,female,39.5,1,0,52,S,1,Mrs,2,0,1
459,1,2,female,50.0,0,0,10,S,1,Miss,1,1,1
460,0,3,male,26.0,0,0,8,Q,1,Mr,1,1,1
461,1,1,male,48.0,0,0,27,S,1,Mr,1,1,1
462,0,3,male,34.0,0,0,8,S,1,Mr,1,1,1
463,0,1,male,47.0,0,0,38,S,1,Mr,1,1,1
464,0,2,male,48.0,0,0,13,S,1,Mr,1,1,1
465,0,3,male,26.0,0,0,8,S,1,Mr,1,1,1
466,0,3,male,38.0,0,0,7,S,1,Mr,1,1,1
467,0,2,male,31.0,0,0,0,S,3,Mr,1,1,0
468,0,1,male,56.0,0,0,27,S,1,Mr,1,1,1
469,0,3,male,26.0,0,0,8,Q,1,Mr,1,1,1
470,1,3,female,0.75,2,1,19,C,4,Miss,4,0,0
471,0,3,male,26.0,0,0,7,S,1,Mr,1,1,1
472,0,3,male,38.0,0,0,9,S,1,Mr,1,1,1
473,1,2,female,33.0,1,2,28,S,3,Mrs,4,0,0
474,1,2,female,23.0,0,0,14,C,1,Mrs,1,1,1
475,0,3,female,22.0,0,0,10,S,1,Miss,1,1,1
476,0,1,male,40.0,0,0,52,S,2,Mr,1,1,0
477,0,2,male,34.0,1,0,21,S,2,Mr,2,0,0
478,0,3,male,29.0,1,0,7,S,1,Mr,2,0,1
479,0,3,male,22.0,0,0,8,S,1,Mr,1,1,1
480,1,3,female,2.0,0,1,12,S,1,Miss,2,0,1
481,0,3,male,9.0,5,2,47,S,6,Master,8,0,0
482,0,2,male,31.0,0,0,0,S,1,Mr,1,1,1
483,0,3,male,50.0,0,0,8,S,1,Mr,1,1,1
484,1,3,female,63.0,0,0,10,S,1,Mrs,1,1,1
485,1,1,male,25.0,1,0,91,C,2,Mr,2,0,0
486,0,3,female,18.0,3,1,25,S,4,Miss,5,0,0
487,1,1,female,35.0,1,0,90,S,2,Mrs,2,0,0
488,0,1,male,58.0,0,0,30,C,1,Mr,1,1,1
489,0,3,male,30.0,0,0,8,S,1,Mr,1,1,1
490,1,3,male,9.0,1,1,16,S,2,Master,3,0,0
491,0,3,male,26.0,1,0,20,S,1,Mr,2,0,1
492,0,3,male,21.0,0,0,7,S,1,Mr,1,1,1
493,0,1,male,55.0,0,0,30,S,1,Mr,1,1,1
494,0,1,male,71.0,0,0,50,C,1,Mr,1,1,1
495,0,3,male,21.0,0,0,8,S,1,Mr,1,1,1
496,0,3,male,26.0,0,0,14,C,2,Mr,1,1,0
497,1,1,female,54.0,1,0,78,C,2,Miss,2,0,0
498,0,3,male,26.0,0,0,15,S,1,Mr,1,1,1
499,0,1,female,25.0,1,2,152,S,4,Mrs,4,0,0
500,0,3,male,24.0,0,0,8,S,1,Mr,1,1,1
501,0,3,male,17.0,0,0,9,S,1,Mr,1,1,1
502,0,3,female,21.0,0,0,8,Q,1,Miss,1,1,1
503,0,3,female,18.0,0,0,8,Q,1,Miss,1,1,1
504,0,3,female,37.0,0,0,10,S,1,Miss,1,1,1
505,1,1,female,16.0,0,0,86,S,3,Miss,1,1,0
506,0,1,male,18.0,1,0,109,C,2,Mr,2,0,0
507,1,2,female,33.0,0,2,26,S,2,Mrs,3,0,0
508,1,1,male,40.0,0,0,27,S,1,Mr,1,1,1
509,0,3,male,28.0,0,0,23,S,1,Mr,1,1,1
510,1,3,male,26.0,0,0,56,S,7,Mr,1,1,0
511,1,3,male,29.0,0,0,8,Q,1,Mr,1,1,1
512,0,3,male,26.0,0,0,8,S,1,Mr,1,1,1
513,1,1,male,36.0,0,0,26,S,1,Mr,1,1,1
514,1,1,female,54.0,1,0,59,C,1,Mrs,2,0,1
515,0,3,male,24.0,0,0,7,S,1,Mr,1,1,1
516,0,1,male,47.0,0,0,34,S,1,Mr,1,1,1
517,1,2,female,34.0,0,0,10,S,1,Mrs,1,1,1
518,0,3,male,26.0,0,0,24,Q,3,Mr,1,1,0
519,1,2,female,36.0,1,0,26,S,1,Mrs,2,0,1
520,0,3,male,32.0,0,0,8,S,1,Mr,1,1,1
521,1,1,female,30.0,0,0,94,S,2,Miss,1,1,0
522,0,3,male,22.0,0,0,8,S,1,Mr,1,1,1
523,0,3,male,26.0,0,0,7,C,1,Mr,1,1,1
524,1,1,female,44.0,0,1,58,C,2,Mrs,2,0,0
525,0,3,male,26.0,0,0,7,C,1,Mr,1,1,1
526,0,3,male,40.5,0,0,8,Q,1,Mr,1,1,1
527,1,2,female,50.0,0,0,10,S,1,Miss,1,1,1
528,0,1,male,40.0,0,0,222,S,1,Mr,1,1,1
529,0,3,male,39.0,0,0,8,S,1,Mr,1,1,1
530,0,2,male,23.0,2,1,12,S,1,Mr,4,0,1
531,1,2,female,2.0,1,1,26,S,2,Miss,3,0,0
532,0,3,male,26.0,0,0,7,C,1,Mr,1,1,1
533,0,3,male,17.0,1,1,7,C,1,Mr,3,0,1
534,1,3,female,31.0,0,2,22,C,2,Mrs,3,0,0
535,0,3,female,30.0,0,0,9,S,1,Miss,1,1,1
536,1,2,female,7.0,0,2,26,S,3,Miss,3,0,0
537,0,1,male,45.0,0,0,27,S,1,Rare,1,1,1
538,1,1,female,30.0,0,0,106,C,2,Miss,1,1,0
539,0,3,male,26.0,0,0,14,S,1,Mr,1,1,1
540,1,1,female,22.0,0,2,50,C,1,Miss,3,0,1
541,1,1,female,36.0,0,2,71,S,2,Miss,3,0,0
542,0,3,female,9.0,4,2,31,S,7,Miss,7,0,0
543,0,3,female,11.0,4,2,31,S,7,Miss,7,0,0
544,1,2,male,32.0,1,0,26,S,2,Mr,2,0,0
545,0,1,male,50.0,1,0,106,C,2,Mr,2,0,0
546,0,1,male,64.0,0,0,26,S,1,Mr,1,1,1
547,1,2,female,19.0,1,0,26,S,2,Mrs,2,0,0
548,1,2,male,31.0,0,0,14,C,1,Mr,1,1,1
549,0,3,male,33.0,1,1,21,S,3,Mr,3,0,0
550,1,2,male,8.0,1,1,37,S,2,Master,3,0,0
551,1,1,male,17.0,0,2,111,C,4,Mr,3,0,0
552,0,2,male,27.0,0,0,26,S,1,Mr,1,1,1
553,0,3,male,26.0,0,0,8,Q,1,Mr,1,1,1
554,1,3,male,22.0,0,0,7,C,1,Mr,1,1,1
555,1,3,female,22.0,0,0,8,S,1,Miss,1,1,1
556,0,1,male,62.0,0,0,27,S,1,Mr,1,1,1
557,1,1,female,48.0,1,0,40,C,1,Rare,2,0,1
558,0,1,male,40.0,0,0,228,C,4,Mr,1,1,0
559,1,1,female,39.0,1,1,80,S,3,Mrs,3,0,0
560,1,3,female,36.0,1,0,17,S,1,Mrs,2,0,1
561,0,3,male,26.0,0,0,8,Q,1,Mr,1,1,1
562,0,3,male,40.0,0,0,8,S,1,Mr,1,1,1
563,0,2,male,28.0,0,0,14,S,1,Mr,1,1,1
564,0,3,male,26.0,0,0,8,S,1,Mr,1,1,1
565,0,3,female,18.0,0,0,8,S,1,Miss,1,1,1
566,0,3,male,24.0,2,0,24,S,2,Mr,3,0,0
567,0,3,male,19.0,0,0,8,S,1,Mr,1,1,1
568,0,3,female,29.0,0,4,21,S,4,Mrs,5,0,0
569,0,3,male,26.0,0,0,7,C,1,Mr,1,1,1
570,1,3,male,32.0,0,0,8,S,1,Mr,1,1,1
571,1,2,male,62.0,0,0,10,S,1,Mr,1,1,1
572,1,1,female,53.0,2,0,51,S,1,Mrs,3,0,1
573,1,1,male,36.0,0,0,26,S,1,Mr,1,1,1
574,1,3,female,18.0,0,0,8,Q,1,Miss,1,1,1
575,0,3,male,16.0,0,0,8,S,1,Mr,1,1,1
576,0,3,male,19.0,0,0,14,S,2,Mr,1,1,0
577,1,2,female,34.0,0,0,13,S,1,Miss,1,1,1
578,1,1,female,39.0,1,0,56,S,2,Mrs,2,0,0
579,0,3,female,31.0,1,0,14,C,1,Mrs,2,0,1
580,1,3,male,32.0,0,0,8,S,1,Mr,1,1,1
581,1,2,female,25.0,1,1,30,S,1,Miss,3,0,1
582,1,1,female,39.0,1,1,111,C,4,Mrs,3,0,0
583,0,2,male,54.0,0,0,26,S,2,Mr,1,1,0
584,0,1,male,36.0,0,0,40,C,1,Mr,1,1,1
585,0,3,male,26.0,0,0,9,C,1,Mr,1,1,1
586,1,1,female,18.0,0,2,80,S,3,Miss,3,0,0
587,0,2,male,47.0,0,0,15,S,1,Mr,1,1,1
588,1,1,male,60.0,1,1,79,C,1,Mr,3,0,1
589,0,3,male,22.0,0,0,8,S,1,Mr,1,1,1
590,0,3,male,26.0,0,0,8,S,1,Mr,1,1,1
591,0,3,male,35.0,0,0,7,S,1,Mr,1,1,1
592,1,1,female,52.0,1,0,78,C,2,Mrs,2,0,0
593,0,3,male,47.0,0,0,7,S,1,Mr,1,1,1
594,0,3,female,18.0,0,2,8,Q,1,Miss,3,0,1
595,0,2,male,37.0,1,0,26,S,1,Mr,2,0,1
596,0,3,male,36.0,1,1,24,S,3,Mr,3,0,0
597,1,2,female,24.0,0,0,33,S,3,Miss,1,1,0
598,0,3,male,49.0,0,0,0,S,4,Mr,1,1,0
599,0,3,male,26.0,0,0,7,C,1,Mr,1,1,1
600,1,1,male,49.0,1,0,57,C,2,Rare,2,0,0
601,1,2,female,24.0,2,1,27,S,2,Mrs,4,0,0
602,0,3,male,26.0,0,0,8,S,1,Mr,1,1,1
603,0,1,male,40.0,0,0,42,S,1,Mr,1,1,1
604,0,3,male,44.0,0,0,8,S,1,Mr,1,1,1
605,1,1,male,35.0,0,0,27,C,1,Mr,1,1,1
606,0,3,male,36.0,1,0,16,S,1,Mr,2,0,1
607,0,3,male,30.0,0,0,8,S,1,Mr,1,1,1
608,1,1,male,27.0,0,0,30,S,1,Mr,1,1,1
609,1,2,female,22.0,1,2,42,C,3,Mrs,4,0,0
610,1,1,female,40.0,0,0,153,S,3,Miss,1,1,0
611,0,3,female,39.0,1,5,31,S,7,Mrs,7,0,0
612,0,3,male,26.0,0,0,7,S,1,Mr,1,1,1
613,1,3,female,18.0,1,0,16,Q,2,Miss,2,0,0
614,0,3,male,26.0,0,0,8,Q,1,Mr,1,1,1
615,0,3,male,35.0,0,0,8,S,1,Mr,1,1,1
616,1,2,female,24.0,1,2,65,S,2,Miss,4,0,0
617,0,3,male,34.0,1,1,14,S,2,Mr,3,0,0
618,0,3,female,26.0,1,0,16,S,2,Mrs,2,0,0
619,1,2,female,4.0,2,1,39,S,2,Miss,4,0,0
620,0,2,male,26.0,0,0,10,S,1,Mr,1,1,1
621,0,3,male,27.0,1,0,14,C,2,Mr,2,0,0
622,1,1,male,42.0,1,0,53,S,1,Mr,2,0,1
623,1,3,male,20.0,1,1,16,C,2,Mr,3,0,0
624,0,3,male,21.0,0,0,8,S,1,Mr,1,1,1
625,0,3,male,21.0,0,0,16,S,2,Mr,1,1,0
626,0,1,male,61.0,0,0,32,S,1,Mr,1,1,1
627,0,2,male,57.0,0,0,12,Q,1,Rare,1,1,1
628,1,1,female,21.0,0,0,78,S,3,Miss,1,1,0
629,0,3,male,26.0,0,0,8,S,1,Mr,1,1,1
630,0,3,male,26.0,0,0,8,Q,1,Mr,1,1,1
631,1,1,male,80.0,0,0,30,S,1,Mr,1,1,1
632,0,3,male,51.0,0,0,7,S,1,Mr,1,1,1
633,1,1,male,32.0,0,0,30,C,1,Rare,1,1,1
634,0,1,male,40.0,0,0,0,S,1,Mr,1,1,1
635,0,3,female,9.0,3,2,28,S,6,Miss,6,0,0
636,1,2,female,28.0,0,0,13,S,1,Miss,1,1,1
637,0,3,male,32.0,0,0,8,S,1,Mr,1,1,1
638,0,2,male,31.0,1,1,26,S,3,Mr,3,0,0
639,0,3,female,41.0,0,5,40,S,6,Mrs,6,0,0
640,0,3,male,26.0,1,0,16,S,2,Mr,2,0,0
641,0,3,male,20.0,0,0,8,S,1,Mr,1,1,1
642,1,1,female,24.0,0,0,69,C,2,Miss,1,1,0
643,0,3,female,2.0,3,2,28,S,6,Miss,6,0,0
644,1,3,male,26.0,0,0,56,S,7,Mr,1,1,0
645,1,3,female,0.75,2,1,19,C,4,Miss,4,0,0
646,1,1,male,48.0,1,0,77,C,3,Mr,2,0,0
647,0,3,male,19.0,0,0,8,S,1,Mr,1,1,1
648,1,1,male,56.0,0,0,36,C,1,Rare,1,1,1
649,0,3,male,26.0,0,0,8,S,1,Mr,1,1,1
650,1,3,female,23.0,0,0,8,S,1,Miss,1,1,1
651,0,3,male,26.0,0,0,8,S,1,Mr,1,1,1
652,1,2,female,18.0,0,1,23,S,2,Miss,2,0,0
653,0,3,male,21.0,0,0,8,S,1,Mr,1,1,1
654,1,3,female,18.0,0,0,8,Q,1,Miss,1,1,1
655,0,3,female,18.0,0,0,7,Q,1,Miss,1,1,1
656,0,2,male,24.0,2,0,74,S,5,Mr,3,0,0
657,0,3,male,26.0,0,0,8,S,1,Mr,1,1,1
658,0,3,female,32.0,1,1,16,Q,2,Mrs,3,0,0
659,0,2,male,23.0,0,0,13,S,1,Mr,1,1,1
660,0,1,male,58.0,0,2,113,C,3,Mr,3,0,0
661,1,1,male,50.0,2,0,134,S,2,Rare,3,0,0
662,0,3,male,40.0,0,0,7,C,1,Mr,1,1,1
663,0,1,male,47.0,0,0,26,S,1,Mr,1,1,1
664,0,3,male,36.0,0,0,7,S,1,Mr,1,1,1
665,1,3,male,20.0,1,0,8,S,1,Mr,2,0,1
666,0,2,male,32.0,2,0,74,S,5,Mr,3,0,0
667,0,2,male,25.0,0,0,13,S,1,Mr,1,1,1
668,0,3,male,26.0,0,0,8,S,1,Mr,1,1,1
669,0,3,male,43.0,0,0,8,S,1,Mr,1,1,1
670,1,1,female,39.5,1,0,52,S,2,Mrs,2,0,0
671,1,2,female,40.0,1,1,39,S,2,Mrs,3,0,0
672,0,1,male,31.0,1,0,52,S,1,Mr,2,0,1
673,0,2,male,70.0,0,0,10,S,1,Mr,1,1,1
674,1,2,male,31.0,0,0,13,S,1,Mr,1,1,1
675,0,2,male,31.0,0,0,0,S,1,Mr,1,1,1
676,0,3,male,18.0,0,0,8,S,1,Mr,1,1,1
677,0,3,male,24.5,0,0,8,S,1,Mr,1,1,1
678,1,3,female,18.0,0,0,10,S,1,Miss,1,1,1
679,0,3,female,43.0,1,6,47,S,6,Mrs,8,0,0
680,1,1,male,36.0,0,1,512,C,3,Mr,2,0,0
681,0,3,female,18.0,0,0,8,Q,1,Miss,1,1,1
682,1,1,male,27.0,0,0,77,C,3,Mr,1,1,0
683,0,3,male,20.0,0,0,9,S,1,Mr,1,1,1
684,0,3,male,14.0,5,2,47,S,6,Mr,8,0,0
685,0,2,male,60.0,1,1,39,S,2,Mr,3,0,0
686,0,2,male,25.0,1,2,42,C,3,Mr,4,0,0
687,0,3,male,14.0,4,1,40,S,6,Mr,6,0,0
688,0,3,male,19.0,0,0,10,S,1,Mr,1,1,1
689,0,3,male,18.0,0,0,8,S,1,Mr,1,1,1
690,1,1,female,15.0,0,1,211,S,3,Miss,2,0,0
691,1,1,male,31.0,1,0,57,S,2,Mr,2,0,0
692,1,3,female,4.0,0,1,13,C,1,Miss,2,0,1
693,1,3,male,26.0,0,0,56,S,7,Mr,1,1,0
694,0,3,male,25.0,0,0,7,C,1,Mr,1,1,1
695,0,1,male,60.0,0,0,27,S,1,Rare,1,1,1
696,0,2,male,52.0,0,0,14,S,1,Mr,1,1,1
697,0,3,male,44.0,0,0,8,S,1,Mr,1,1,1
698,1,3,female,18.0,0,0,8,Q,1,Miss,1,1,1
699,0,1,male,49.0,1,1,111,C,4,Mr,3,0,0
700,0,3,male,42.0,0,0,8,S,1,Mr,1,1,1
701,1,1,female,18.0,1,0,228,C,4,Mrs,2,0,0
702,1,1,male,35.0,0,0,26,S,1,Mr,1,1,1
703,0,3,female,18.0,0,1,14,C,2,Miss,2,0,0
704,0,3,male,25.0,0,0,8,Q,1,Mr,1,1,1
705,0,3,male,26.0,1,0,8,S,1,Mr,2,0,1
706,0,2,male,39.0,0,0,26,S,2,Mr,1,1,0
707,1,2,female,45.0,0,0,14,S,1,Mrs,1,1,1
708,1,1,male,42.0,0,0,26,S,1,Mr,1,1,1
709,1,1,female,22.0,0,0,152,S,4,Miss,1,1,0
710,1,3,male,4.0,1,1,15,C,2,Master,3,0,0
711,1,1,female,24.0,0,0,50,C,1,Miss,1,1,1
712,0,1,male,40.0,0,0,27,S,1,Mr,1,1,1
713,1,1,male,48.0,1,0,52,S,2,Mr,2,0,0
714,0,3,male,29.0,0,0,9,S,1,Mr,1,1,1
715,0,2,male,52.0,0,0,13,S,2,Mr,1,1,0
716,0,3,male,19.0,0,0,8,S,1,Mr,1,1,1
717,1,1,female,38.0,0,0,228,C,4,Miss,1,1,0
718,1,2,female,27.0,0,0,10,S,1,Miss,1,1,1
719,0,3,male,26.0,0,0,16,Q,1,Mr,1,1,1
720,0,3,male,33.0,0,0,8,S,1,Mr,1,1,1
721,1,2,female,6.0,0,1,33,S,3,Miss,2,0,0
722,0,3,male,17.0,1,0,7,S,1,Mr,2,0,1
723,0,2,male,34.0,0,0,13,S,1,Mr,1,1,1
724,0,2,male,50.0,0,0,13,S,1,Mr,1,1,1
725,1,1,male,27.0,1,0,53,S,2,Mr,2,0,0
726,0,3,male,20.0,0,0,9,S,1,Mr,1,1,1
727,1,2,female,30.0,3,0,21,S,2,Mrs,4,0,0
728,1,3,female,18.0,0,0,8,Q,1,Miss,1,1,1
729,0,2,male,25.0,1,0,26,S,1,Mr,2,0,1
730,0,3,female,25.0,1,0,8,S,1,Miss,2,0,1
731,1,1,female,29.0,0,0,211,S,3,Miss,1,1,0
732,0,3,male,11.0,0,0,19,C,2,Mr,1,1,0
733,0,2,male,31.0,0,0,0,S,1,Mr,1,1,1
734,0,2,male,23.0,0,0,13,S,1,Mr,1,1,1
735,0,2,male,23.0,0,0,13,S,1,Mr,1,1,1
736,0,3,male,28.5,0,0,16,S,2,Mr,1,1,0
737,0,3,female,48.0,1,3,34,S,4,Mrs,5,0,0
738,1,1,male,35.0,0,0,512,C,3,Mr,1,1,0
739,0,3,male,26.0,0,0,8,S,1,Mr,1,1,1
740,0,3,male,26.0,0,0,8,S,1,Mr,1,1,1
741,1,1,male,40.0,0,0,30,S,1,Mr,1,1,1
742,0,1,male,36.0,1,0,79,S,2,Mr,2,0,0
743,1,1,female,21.0,2,2,262,C,2,Miss,5,0,0
744,0,3,male,24.0,1,0,16,S,1,Mr,2,0,1
745,1,3,male,31.0,0,0,8,S,1,Mr,1,1,1
746,0,1,male,70.0,1,1,71,S,2,Rare,3,0,0
747,0,3,male,16.0,1,1,20,S,2,Mr,3,0,0
748,1,2,female,30.0,0,0,13,S,1,Miss,1,1,1
749,0,1,male,19.0,1,0,53,S,1,Mr,2,0,1
750,0,3,male,31.0,0,0,8,Q,1,Mr,1,1,1
751,1,2,female,4.0,1,1,23,S,1,Miss,3,0,1
752,1,3,male,6.0,0,1,12,S,2,Master,2,0,0
753,0,3,male,33.0,0,0,10,S,1,Mr,1,1,1
754,0,3,male,23.0,0,0,8,S,1,Mr,1,1,1
755,1,2,female,48.0,1,2,65,S,2,Mrs,4,0,0
756,1,2,male,0.67,1,1,14,S,2,Master,3,0,0
757,0,3,male,28.0,0,0,8,S,1,Mr,1,1,1
758,0,2,male,18.0,0,0,12,S,1,Mr,1,1,1
759,0,3,male,34.0,0,0,8,S,1,Mr,1,1,1
760,1,1,female,33.0,0,0,86,S,3,Rare,1,1,0
761,0,3,male,26.0,0,0,14,S,2,Mr,1,1,0
762,0,3,male,41.0,0,0,7,S,1,Mr,1,1,1
763,1,3,male,20.0,0,0,7,C,1,Mr,1,1,1
764,1,1,female,36.0,1,2,120,S,4,Mrs,4,0,0
765,0,3,male,16.0,0,0,8,S,1,Mr,1,1,1
766,1,1,female,51.0,1,0,78,S,3,Mrs,2,0,0
767,0,1,male,49.0,0,0,40,C,1,Rare,1,1,1
768,0,3,female,30.5,0,0,8,Q,1,Miss,1,1,1
769,0,3,male,26.0,1,0,24,Q,3,Mr,2,0,0
770,0,3,male,32.0,0,0,8,S,1,Mr,1,1,1
771,0,3,male,24.0,0,0,10,S,1,Mr,1,1,1
772,0,3,male,48.0,0,0,8,S,1,Mr,1,1,1
773,0,2,female,57.0,0,0,10,S,2,Mrs,1,1,0
774,0,3,male,26.0,0,0,7,C,1,Mr,1,1,1
775,1,2,female,54.0,1,3,23,S,1,Mrs,5,0,1
776,0,3,male,18.0,0,0,8,S,1,Mr,1,1,1
777,0,3,male,26.0,0,0,8,Q,1,Mr,1,1,1
778,1,3,female,5.0,0,0,12,S,2,Miss,1,1,0
779,0,3,male,26.0,0,0,8,Q,1,Mr,1,1,1
780,1,1,female,43.0,0,1,211,S,3,Mrs,2,0,0
781,1,3,female,13.0,0,0,7,C,1,Miss,1,1,1
782,1,1,female,17.0,1,0,57,S,2,Mrs,2,0,0
783,0,1,male,29.0,0,0,30,S,1,Mr,1,1,1
784,0,3,male,26.0,1,2,23,S,2,Mr,4,0,0
785,0,3,male,25.0,0,0,7,S,1,Mr,1,1,1
786,0,3,male,25.0,0,0,7,S,1,Mr,1,1,1
787,1,3,female,18.0,0,0,7,S,1,Miss,1,1,1
788,0,3,male,8.0,4,1,29,Q,5,Master,6,0,0
789,1,3,male,1.0,1,2,21,S,2,Master,4,0,0
790,0,1,male,46.0,0,0,79,C,2,Mr,1,1,0
791,0,3,male,26.0,0,0,8,Q,1,Mr,1,1,1
792,0,2,male,16.0,0,0,26,S,2,Mr,1,1,0
793,0,3,female,18.0,8,2,70,S,7,Miss,11,0,0
794,0,1,male,40.0,0,0,31,C,1,Mr,1,1,1
795,0,3,male,25.0,0,0,8,S,1,Mr,1,1,1
796,0,2,male,39.0,0,0,13,S,1,Mr,1,1,1
797,1,1,female,49.0,0,0,26,S,1,Rare,1,1,1
798,1,3,female,31.0,0,0,9,S,1,Mrs,1,1,1
799,0,3,male,30.0,0,0,7,C,1,Mr,1,1,1
800,0,3,female,30.0,1,1,24,S,3,Mrs,3,0,0
801,0,2,male,34.0,0,0,13,S,2,Mr,1,1,0
802,1,2,female,31.0,1,1,26,S,3,Mrs,3,0,0
803,1,1,male,11.0,1,2,120,S,4,Master,4,0,0
804,1,3,male,0.42,0,1,9,C,1,Master,2,0,1
805,1,3,male,27.0,0,0,7,S,1,Mr,1,1,1
806,0,3,male,31.0,0,0,8,S,1,Mr,1,1,1
807,0,1,male,39.0,0,0,0,S,1,Mr,1,1,1
808,0,3,female,18.0,0,0,8,S,1,Miss,1,1,1
809,0,2,male,39.0,0,0,13,S,1,Mr,1,1,1
810,1,1,female,33.0,1,0,53,S,2,Mrs,2,0,0
811,0,3,male,26.0,0,0,8,S,1,Mr,1,1,1
812,0,3,male,39.0,0,0,24,S,2,Mr,1,1,0
813,0,2,male,35.0,0,0,10,S,1,Mr,1,1,1
814,0,3,female,6.0,4,2,31,S,7,Miss,7,0,0
815,0,3,male,30.5,0,0,8,S,1,Mr,1,1,1
816,0,1,male,40.0,0,0,0,S,1,Mr,1,1,1
817,0,3,female,23.0,0,0,8,S,1,Miss,1,1,1
818,0,2,male,31.0,1,1,37,C,2,Mr,3,0,0
819,0,3,male,43.0,0,0,6,S,1,Mr,1,1,1
820,0,3,male,10.0,3,2,28,S,6,Master,6,0,0
821,1,1,female,52.0,1,1,94,S,2,Mrs,3,0,0
822,1,3,male,27.0,0,0,9,S,1,Mr,1,1,1
823,0,1,male,38.0,0,0,0,S,1,Rare,1,1,1
824,1,3,female,27.0,0,1,12,S,2,Mrs,2,0,0
825,0,3,male,2.0,4,1,40,S,6,Master,6,0,0
826,0,3,male,26.0,0,0,7,Q,1,Mr,1,1,1
827,0,3,male,26.0,0,0,56,S,7,Mr,1,1,0
828,1,2,male,1.0,0,2,37,C,2,Master,3,0,0
829,1,3,male,26.0,0,0,8,Q,1,Mr,1,1,1
831,1,3,female,15.0,1,0,14,C,2,Mrs,2,0,0
832,1,2,male,0.83,1,1,19,S,3,Master,3,0,0
833,0,3,male,26.0,0,0,7,C,1,Mr,1,1,1
834,0,3,male,23.0,0,0,8,S,1,Mr,1,1,1
835,0,3,male,18.0,0,0,8,S,1,Mr,1,1,1
836,1,1,female,39.0,1,1,83,C,1,Miss,3,0,1
837,0,3,male,21.0,0,0,9,S,1,Mr,1,1,1
838,0,3,male,26.0,0,0,8,S,1,Mr,1,1,1
839,1,3,male,32.0,0,0,56,S,7,Mr,1,1,0
840,1,1,male,40.0,0,0,30,C,1,Mr,1,1,1
841,0,3,male,20.0,0,0,8,S,1,Mr,1,1,1
842,0,2,male,16.0,0,0,10,S,2,Mr,1,1,0
843,1,1,female,30.0,0,0,31,C,2,Miss,1,1,0
844,0,3,male,34.5,0,0,6,C,1,Mr,1,1,1
845,0,3,male,17.0,0,0,9,S,1,Mr,1,1,1
846,0,3,male,42.0,0,0,8,S,1,Mr,1,1,1
847,0,3,male,26.0,8,2,70,S,7,Mr,11,0,0
848,0,3,male,35.0,0,0,8,C,1,Mr,1,1,1
849,0,2,male,28.0,0,1,33,S,3,Rare,2,0,0
850,1,1,female,39.5,1,0,89,C,2,Mrs,2,0,0
851,0,3,male,4.0,4,2,31,S,7,Master,7,0,0
852,0,3,male,74.0,0,0,8,S,1,Mr,1,1,1
853,0,3,female,9.0,1,1,15,C,2,Miss,3,0,0
854,1,1,female,16.0,0,1,39,S,1,Miss,2,0,1
855,0,2,female,44.0,1,0,26,S,2,Mrs,2,0,0
856,1,3,female,18.0,0,1,9,S,1,Mrs,2,0,1
857,1,1,female,45.0,1,1,165,S,2,Mrs,3,0,0
858,1,1,male,51.0,0,0,27,S,1,Mr,1,1,1
859,1,3,female,24.0,0,3,19,C,4,Mrs,4,0,0
860,0,3,male,26.0,0,0,7,C,1,Mr,1,1,1
861,0,3,male,41.0,2,0,14,S,1,Mr,3,0,1
862,0,2,male,21.0,1,0,12,S,1,Mr,2,0,1
863,1,1,female,48.0,0,0,26,S,1,Mrs,1,1,1
864,0,3,female,18.0,8,2,70,S,7,Miss,11,0,0
865,0,2,male,24.0,0,0,13,S,1,Mr,1,1,1
866,1,2,female,42.0,0,0,13,S,1,Mrs,1,1,1
867,1,2,female,27.0,1,0,14,C,1,Miss,2,0,1
868,0,1,male,31.0,0,0,50,S,1,Mr,1,1,1
869,0,3,male,26.0,0,0,10,S,1,Mr,1,1,1
870,1,3,male,4.0,1,1,11,S,3,Master,3,0,0
871,0,3,male,26.0,0,0,8,S,1,Mr,1,1,1
872,1,1,female,47.0,1,1,53,S,2,Mrs,3,0,0
873,0,1,male,33.0,0,0,5,S,1,Mr,1,1,1
874,0,3,male,47.0,0,0,9,S,1,Mr,1,1,1
875,1,2,female,28.0,1,0,24,C,2,Mrs,2,0,0
876,1,3,female,15.0,0,0,7,C,1,Miss,1,1,1
877,0,3,male,20.0,0,0,10,S,2,Mr,1,1,0
878,0,3,male,19.0,0,0,8,S,1,Mr,1,1,1
879,0,3,male,26.0,0,0,8,S,1,Mr,1,1,1
880,1,1,female,56.0,0,1,83,C,2,Mrs,2,0,0
881,1,2,female,25.0,0,1,26,S,2,Mrs,2,0,0
882,0,3,male,33.0,0,0,8,S,1,Mr,1,1,1
883,0,3,female,22.0,0,0,11,S,1,Miss,1,1,1
884,0,2,male,28.0,0,0,10,S,1,Mr,1,1,1
885,0,3,male,25.0,0,0,7,S,1,Mr,1,1,1
886,0,3,female,39.0,0,5,29,Q,5,Mrs,6,0,0
887,0,2,male,27.0,0,0,13,S,1,Rare,1,1,1
888,1,1,female,19.0,0,0,30,S,1,Miss,1,1,1
889,0,3,female,18.0,1,2,23,S,2,Miss,4,0,0
890,1,1,male,26.0,0,0,30,C,1,Mr,1,1,1
891,0,3,male,32.0,0,0,8,Q,1,Mr,1,1,1
